<assembly xmlns="http://maven.apache.org/plugins/maven-assembly-plugin/assembly/1.1.3" 
  xmlns:xsi="http://www.w3.org/2001/XMLSchema-instance"
  xsi:schemaLocation="http://maven.apache.org/plugins/maven-assembly-plugin/assembly/1.1.3 http://maven.apache.org/xsd/assembly-1.1.3.xsd">
  <id>mod</id>
  <includeBaseDirectory>false</includeBaseDirectory>
  <formats>
    <format>zip</format>
  </formats>
  <fileSets>
    <fileSet>
      <directory>${project.basedir}/src/dist</directory>
      <outputDirectory>mods/</outputDirectory>
    </fileSet>
  </fileSets>
  <files>
    <file>
      <source>${project.build.directory}/${project.name}-${project.version}.jar</source>
      <outputDirectory>mods/${project.name}</outputDirectory>
      <destName>${project.name}.jar</destName>
    </file>
  </files>
</assembly>